start,end,sector,name_fss,settle,p13,p25
202101,202106,생보,한화생명,45.9,85.6,65.9
202101,202106,생보,삼성생명,47.7,88.0,67.5
202101,202106,생보,흥국생명,42.6,86.4,68.6
202101,202106,생보,교보생명,41.0,82.3,64.8
202101,202106,생보,신한생명,42.7,80.6,63.3
202101,202106,생보,DGB생명,7.1,79.8,64.4
202101,202106,생보,KDB생명,32.9,80.6,68.1
202101,202106,생보,미래에셋생명,52.3,82.4,62.3
202101,202106,생보,KB생명,15.4,84.4,62.2
202101,202106,생보,DB생명,37.9,82.8,64.3
202101,202106,생보,하나생명,,86.2,74.0
202101,202106,생보,IBK연금,,88.9,78.6
202101,202106,생보,농협생명,26.0,84.2,71.5
202101,202106,생보,교보라이프,,89.1,75.4
202101,202106,생보,오렌지라이프,21.8,82.3,60.1
202101,202106,생보,ABL생명,58.2,82.3,69.8
202101,202106,생보,동양생명,32.6,84.6,59.8
202101,202106,생보,메트라이프,25.4,79.3,61.8
202101,202106,생보,처브라이프,30.8,59.1,34.9
202101,202106,생보,푸르덴셜생명,49.6,85.0,73.1
202101,202106,생보,라이나생명,37.7,85.9,75.8
202101,202106,생보,카디프생명,,65.4,27.9
202101,202106,생보,AIA생명,27.5,78.8,62.5
202101,202106,생보,푸본현대,37.1,77.0,67.4
202101,202106,생보,생보사평균,41.5,84.1,66.7
202101,202106,손보,메리츠화재,46.3,83.8,69.9
202101,202106,손보,한화손보,54.6,82.3,67.0
202101,202106,손보,롯데손보,48.2,91.4,78.3
202101,202106,손보,MG손보,75.0,88.3,75.8
202101,202106,손보,흥국화재,62.8,86.2,70.4
202101,202106,손보,삼성화재,68.0,87.2,60.0
202101,202106,손보,현대해상,68.9,87.4,72.2
202101,202106,손보,KB손보,56.7,86.1,68.9
202101,202106,손보,DB손보,69.8,89.0,73.2
202101,202106,손보,농협손보,62.5,91.2,75.6
202101,202106,손보,하나손보,41.5,87.4,77.7
202101,202106,손보,AIG손보,53.1,69.9,56.6
202101,202106,손보,악사손보,,77.9,66.0
202101,202106,손보,에이스손보,,64.2,56.5
202101,202106,손보,손보사평균,57.6,86.5,68.4
202101,202112,생보,한화생명,45.5,84.8,64.6
202101,202112,생보,삼성생명,49.8,88.3,68.8
202101,202112,생보,흥국생명,38.5,85.8,69.8
202101,202112,생보,교보생명,41.2,82.3,65.2
202101,202112,생보,신한라이프생명,30.9,81.4,62.5
202101,202112,생보,DGB생명,7.1,80.5,65.8
202101,202112,생보,KDB생명,29.5,81.1,67.5
202101,202112,생보,미래에셋생명,52.3,79.8,61.2
202101,202112,생보,KB생명,20.8,80.4,63.1
202101,202112,생보,DB생명,34.9,82.8,62.0
202101,202112,생보,하나생명,11.8,91.2,72.8
202101,202112,생보,IBK연금보험,,87.1,77.0
202101,202112,생보,농협생명,26.6,83.2,69.0
202101,202112,생보,교보라이프,,88.2,80.1
202101,202112,생보,ABL생명,60.0,81.8,68.3
202101,202112,생보,동양생명,29.4,84.2,61.7
202101,202112,생보,메트라이프생명,25.1,80.5,62.7
202101,202112,생보,처브라이프생명,31.9,64.9,34.5
202101,202112,생보,푸르덴셜생명,46.3,84.0,72.4
202101,202112,생보,라이나생명,38.4,85.5,77.0
202101,202112,생보,카디프생명,,68.6,31.5
202101,202112,생보,AIA생명,30.5,79.7,63.9
202101,202112,생보,푸본현대생명,32.8,81.5,68.7
202101,202112,생보,생보사평균,41.2,83.9,67.1
202101,202112,손보,메리츠화재,45.3,83.6,69.4
202101,202112,손보,한화손보,55.7,81.1,66.4
202101,202112,손보,롯데손보,60.6,89.3,79.1
202101,202112,손보,엠지손보,70.0,87.2,73.3
202101,202112,손보,흥국화재,63.3,86.0,70.7
202101,202112,손보,삼성화재,66.3,86.8,61.1
202101,202112,손보,현대해상,66.6,87.4,73.0
202101,202112,손보,KB손보,57.2,86.5,68.7
202101,202112,손보,DB손보,70.4,88.7,74.2
202101,202112,손보,농협손보,50.0,91.3,75.0
202101,202112,손보,하나손보,47.0,88.0,78.2
202101,202112,손보,카디프손보,,73.8,57.4
202101,202112,손보,AIG손보,45.6,70.1,57.5
202101,202112,손보,악사손보,0.0,76.5,66.2
202101,202112,손보,에이스손보,,64.4,55.3
202101,202112,손보,손보사평균,56.3,86.3,68.7
202201,202206,생보,한화생명,,83.7,69.7
202201,202206,생보,삼성생명,49.4,90.1,75.3
202201,202206,생보,흥국생명,27.9,84.9,72.6
202201,202206,생보,교보생명,41.8,83.0,67.0
202201,202206,생보,신한라이프생명,36.2,81.9,64.3
202201,202206,생보,DGB생명,,84.2,67.2
202201,202206,생보,KDB생명,22.4,83.2,66.0
202201,202206,생보,미래에셋생명,,80.9,67.4
202201,202206,생보,KB생명,20.0,81.5,67.7
202201,202206,생보,DB생명,40.9,84.7,63.2
202201,202206,생보,하나생명,10.0,80.9,76.0
202201,202206,생보,IBK연금보험,,88.7,76.8
202201,202206,생보,농협생명,22.1,85.0,72.9
202201,202206,생보,교보라이프,,86.5,83.5
202201,202206,생보,ABL생명,63.2,81.6,67.1
202201,202206,생보,동양생명,26.2,83.4,65.1
202201,202206,생보,메트라이프생명,27.2,84.5,64.5
202201,202206,생보,처브라이프생명,13.8,68.8,40.3
202201,202206,생보,푸르덴셜생명,38.9,86.6,68.4
202201,202206,생보,라이나생명,40.4,85.9,78.3
202201,202206,생보,카디프생명,,80.0,46.2
202201,202206,생보,AIA생명,28.3,84.3,67.8
202201,202206,생보,푸본현대생명,15.8,88.0,60.1
202201,202206,생보,생보사평균,41.4,84.7,70.3
202201,202206,손보,메리츠화재,46.6,84.3,70.1
202201,202206,손보,한화손보,59.8,83.3,65.5
202201,202206,손보,롯데손보,59.1,90.2,82.1
202201,202206,손보,엠지손보,71.4,86.3,77.6
202201,202206,손보,흥국화재,59.7,88.8,74.9
202201,202206,손보,삼성화재,47.3,88.1,72.1
202201,202206,손보,현대해상,59.9,89.2,75.5
202201,202206,손보,KB손보,58.7,89.3,71.4
202201,202206,손보,DB손보,63.7,90.4,77.1
202201,202206,손보,농협손보,49.4,86.7,85.5
202201,202206,손보,하나손보,32.6,86.5,78.6
202201,202206,손보,신한EZ,,,64.3
202201,202206,손보,AIG손보,19.4,73.9,56.7
202201,202206,손보,악사손보,0.0,71.7,68.0
202201,202206,손보,에이스손보,,63.8,49.8
202201,202206,손보,손보사계,53.2,87.5,73.6
202201,202212,생보,한화생명,,84.2,68.6
202201,202212,생보,삼성생명,47.2,90.2,75.2
202201,202212,생보,흥국생명,21.8,84.3,71.8
202201,202212,생보,교보생명,39.3,81.7,66.4
202201,202212,생보,신한라이프생명,34.7,82.0,64.6
202201,202212,생보,DGB생명,,86.2,67.7
202201,202212,생보,KDB생명,24.4,83.9,66.8
202201,202212,생보,미래에셋생명,,83.5,66.1
202201,202212,생보,KB라이프생명,,89.6,69.1
202201,202212,생보,DB생명,40.4,85.4,63.0
202201,202212,생보,하나생명,5.0,79.4,75.1
202201,202212,생보,IBK연금보험,,86.4,76.0
202201,202212,생보,농협생명,18.8,83.0,71.9
202201,202212,생보,교보라이프,,88.1,82.2
202201,202212,생보,ABL생명,64.2,81.6,65.5
202201,202212,생보,동양생명,27.9,83.7,64.8
202201,202212,생보,메트라이프생명,24.5,84.8,65.7
202201,202212,생보,처브라이프생명,18.1,68.9,45.2
202201,202212,생보,라이나생명,31.1,85.6,77.7
202201,202212,생보,카디프생명,,84.0,50.6
202201,202212,생보,AIA생명,30.5,79.2,65.4
202201,202212,생보,푸본현대생명,21.0,85.8,68.5
202201,202212,생보,생보사평균,39.0,85.4,70.0
202201,202212,손보,메리츠화재,45.8,84.6,69.2
202201,202212,손보,한화손보,63.6,84.3,63.6
202201,202212,손보,롯데손보,53.7,89.4,83.3
202201,202212,손보,엠지손보,57.7,86.7,76.0
202201,202212,손보,흥국화재,55.7,88.6,74.5
202201,202212,손보,삼성화재,44.3,87.6,69.7
202201,202212,손보,현대해상,57.6,88.8,74.9
202201,202212,손보,KB손보,60.8,89.4,71.8
202201,202212,손보,DB손보,64.4,90.1,76.2
202201,202212,손보,농협손보,42.5,85.9,85.5
202201,202212,손보,하나손보,28.1,87.2,79.4
202201,202212,손보,신한EZ,0.0,0.0,64.2
202201,202212,손보,AIG손보,25.2,73.4,56.9
202201,202212,손보,악사손보,27.1,69.6,66.6
202201,202212,손보,에이스손보,0.0,63.3,50.2
202201,202212,손보,손보사평균,52.2,87.3,72.5
202207,202306,생보,한화생명,,83.6,63.3
202207,202306,생보,삼성생명,43.1,86.8,69.3
202207,202306,생보,흥국생명,30.0,72.1,50.9
202207,202306,생보,교보생명,41.0,64.4,54.0
202207,202306,생보,신한라이프생명,28.8,83.3,60.7
202207,202306,생보,DGB생명,,89.8,74.9
202207,202306,생보,KDB생명,31.6,86.1,70.4
202207,202306,생보,미래에셋생명,,85.0,62.9
202207,202306,생보,KB라이프생명,,80.5,52.0
202207,202306,생보,DB생명,33.2,87.4,66.4
202207,202306,생보,하나생명,,83.8,72.1
202207,202306,생보,IBK연금보험,,76.5,74.9
202207,202306,생보,농협생명,13.6,83.1,72.1
202207,202306,생보,교보라이프,,56.5,36.0
202207,202306,생보,ABL생명,71.8,82.9,62.2
202207,202306,생보,동양생명,27.9,81.2,61.8
202207,202306,생보,메트라이프생명,25.4,83.5,70.8
202207,202306,생보,처브라이프생명,,76.3,57.2
202207,202306,생보,라이나생명,3.0,84.0,74.5
202207,202306,생보,카디프생명,,78.3,54.8
202207,202306,생보,AIA생명,19.6,80.1,66.0
202207,202306,생보,푸본현대생명,26.2,89.6,83.4
202207,202306,생보,생보사평균,35.9,80.4,63.1
202207,202306,손보,메리츠화재,44.1,84.9,68.1
202207,202306,손보,한화손보,67.1,85.2,63.2
202207,202306,손보,롯데손보,34.1,88.2,82.2
202207,202306,손보,엠지손보,62.5,86.0,72.9
202207,202306,손보,흥국화재,60.6,88.0,76.0
202207,202306,손보,삼성화재,45.6,86.6,68.6
202207,202306,손보,현대해상,58.5,88.1,75.5
202207,202306,손보,KB손보,56.8,88.9,74.0
202207,202306,손보,DB손보,63.2,89.2,76.4
202207,202306,손보,농협손보,41.6,85.3,81.5
202207,202306,손보,하나손보,25.0,88.3,78.3
202207,202306,손보,신한EZ,,,
202207,202306,손보,AIG손보,26.9,72.3,57.9
202207,202306,손보,악사손보,8.6,71.3,63.3
202207,202306,손보,에이스손보,,63.8,49.7
202207,202306,손보,손보사평균,52.5,86.8,72.8
202301,202312,생보,한화,,87.6,59.2
202301,202312,생보,삼성,43.1,85.4,65.5
202301,202312,생보,흥국,22.4,76.2,45.5
202301,202312,생보,교보,40.8,76.4,46.8
202301,202312,생보,신한,31.7,84.1,63.0
202301,202312,생보,DGB,,88.2,77.5
202301,202312,생보,KDB,31.4,87.4,69.6
202301,202312,생보,미래에셋,,82.4,68.1
202301,202312,생보,KB라이프,,78.1,55.3
202301,202312,생보,DB,35.3,87.5,69.2
202301,202312,생보,하나,48.3,82.4,62.7
202301,202312,생보,IBK연금보험,,76.1,67.8
202301,202312,생보,농협,21.2,82.9,69.1
202301,202312,생보,교보라이프플래닛,,65.0,28.4
202301,202312,생보,ABL,74.6,85.8,58.1
202301,202312,생보,동양,32.0,87.8,59.2
202301,202312,생보,메트라이프,21.8,85.9,68.8
202301,202312,생보,처브라이프,,81.9,62.0
202301,202312,생보,라이나,3.2,83.9,74.3
202301,202312,생보,BNP카디프,,77.1,59.3
202301,202312,생보,AIA,19.6,80.3,64.5
202301,202312,생보,푸본현대,28.6,78.1,64.6
202301,202312,생보,생보사계,36.9,83.2,60.7
202301,202312,손보,메리츠,45.1,84.7,66.5
202301,202312,손보,한화,66.2,84.9,66.4
202301,202312,손보,롯데,48.8,88.4,76.6
202301,202312,손보,MG,75.0,84.3,71.5
202301,202312,손보,흥국,60.6,88.0,76.6
202301,202312,손보,삼성,47.8,86.3,68.5
202301,202312,손보,현대,58.0,87.0,75.6
202301,202312,손보,KB,55.6,87.6,74.6
202301,202312,손보,DB,62.7,88.9,75.8
202301,202312,손보,농협,42.3,81.0,74.7
202301,202312,손보,하나,37.8,87.6,75.2
202301,202312,손보,AIG,28.9,69.7,57.5
202301,202312,손보,악사,10.7,75.6,57.5
202301,202312,손보,ACE,,65.4,47.3
202301,202312,손보,신한EZ,,,
202301,202312,손보,손보사계,53.2,86.3,71.6
202301,202312,손보,합계,47.3,84.4,65.4
202307,202406,생보,한화,,89.8,59.9
202307,202406,생보,삼성,48.0,88.1,66.3
202307,202406,생보,흥국,7.9,83.1,49.1
202307,202406,생보,교보,47.0,88.7,45.7
202307,202406,생보,신한,46.3,86.1,66.7
202307,202406,생보,iM라이프,,91.0,72.7
202307,202406,생보,KDB,16.3,88.8,70.4
202307,202406,생보,미래에셋,,80.9,67.3
202307,202406,생보,KB라이프,75.0,89.0,61.3
202307,202406,생보,DB,41.6,89.4,71.8
202307,202406,생보,하나,10.3,84.8,61.6
202307,202406,생보,IBK연금보험,,80.7,60.1
202307,202406,생보,농협,34.6,86.7,73.1
202307,202406,생보,교보라이프플래닛,,79.8,35.0
202307,202406,생보,ABL,84.1,89.5,58.6
202307,202406,생보,동양,72.5,89.8,63.1
202307,202406,생보,메트라이프,20.6,87.0,67.3
202307,202406,생보,처브라이프,,85.2,60.5
202307,202406,생보,라이나,20.0,82.2,72.3
202307,202406,생보,BNP카디프,,82.1,52.8
202307,202406,생보,AIA,28.1,79.7,64.5
202307,202406,생보,푸본현대,29.5,81.9,58.5
202307,202406,생보,생보사계,45.6,87.8,61.6
202307,202406,손보,메리츠,48.2,84.9,64.8
202307,202406,손보,한화,74.0,85.9,66.2
202307,202406,손보,롯데,46.0,87.8,71.9
202307,202406,손보,MG,83.3,86.6,68.7
202307,202406,손보,흥국,76.1,87.6,73.8
202307,202406,손보,삼성,56.6,87.0,66.0
202307,202406,손보,현대,59.8,87.0,73.1
202307,202406,손보,KB,52.7,87.8,71.6
202307,202406,손보,DB,66.2,89.0,73.5
202307,202406,손보,농협,59.0,81.6,72.8
202307,202406,손보,하나,33.8,86.1,76.0
202307,202406,손보,AIG,6.4,66.7,56.1
202307,202406,손보,악사,8.4,73.4,57.3
202307,202406,손보,라이나(ACE),,66.5,46.3
202307,202406,손보,신한EZ,,75.9,
202307,202406,손보,손보사계,56.4,86.6,69.3
202307,202406,손보,합계,52.6,87.3,64.9
202401,202412,생보,한화,,88.0,72.8
202401,202412,생보,삼성,48.4,89.7,68.9
202401,202412,생보,흥국,12.3,85.2,60.8
202401,202412,생보,교보,47.3,88.2,64.7
202401,202412,생보,신한,44.8,87.0,69.4
202401,202412,생보,IM라이프,,91.6,67.4
202401,202412,생보,KDB,21.4,89.3,74.3
202401,202412,생보,미래에셋,,80.8,63.1
202401,202412,생보,KB라이프,,89.9,61.2
202401,202412,생보,DB,45.2,90.3,72.0
202401,202412,생보,하나,10.8,90.3,65.0
202401,202412,생보,IBK연금보험,,87.8,65.0
202401,202412,생보,농협,37.2,88.8,74.6
202401,202412,생보,교보라이프플래닛,,91.9,57.1
202401,202412,생보,ABL,81.5,89.6,69.0
202401,202412,생보,동양,62.4,88.8,78.3
202401,202412,생보,메트라이프,32.2,88.1,68.6
202401,202412,생보,처브라이프,,89.4,68.8
202401,202412,생보,라이나,17.0,82.3,70.8
202401,202412,생보,BNP카디프,,84.5,49.1
202401,202412,생보,AIA,34.7,81.9,64.9
202401,202412,생보,푸본현대,28.2,87.6,60.3
202401,202412,생보,생보사계,46.2,88.2,68.9
202401,202412,손보,메리츠,48.0,84.4,64.6
202401,202412,손보,한화,74.9,86.4,67.5
202401,202412,손보,롯데,36.7,85.7,70.1
202401,202412,손보,MG,71.4,86.5,70.2
202401,202412,손보,흥국,75.0,86.6,73.5
202401,202412,손보,삼성,65.9,88.2,67.2
202401,202412,손보,현대,57.0,87.1,73.3
202401,202412,손보,KB,54.9,88.1,70.2
202401,202412,손보,DB,65.4,88.5,74.1
202401,202412,손보,농협,50.7,82.8,71.6
202401,202412,손보,하나,47.2,83.3,76.7
202401,202412,손보,AIG,12.4,62.9,53.9
202401,202412,손보,악사,7.7,72.1,60.7
202401,202412,손보,ACE,,68.0,47.3
202401,202412,손보,신한EZ,,68.1,
202401,202412,손보,손보사계,55.9,86.7,69.6
202401,202412,손보,합계,52.4,87.5,69.2
202407,202506,생보,한화,,88.2,77.3
202407,202506,생보,삼성,50.0,89.0,74.9
202407,202506,생보,흥국,23.2,82.2,71.7
202407,202506,생보,교보,49.5,90.0,78.0
202407,202506,생보,신한,39.0,88.2,73.5
202407,202506,생보,IM라이프,,91.9,76.5
202407,202506,생보,KDB,25.0,90.3,76.5
202407,202506,생보,미래에셋,,77.4,64.4
202407,202506,생보,KB라이프,33.3,85.9,76.5
202407,202506,생보,DB,47.0,90.9,75.7
202407,202506,생보,하나,,90.5,70.7
202407,202506,생보,IBK연금보험,,88.7,69.6
202407,202506,생보,농협,43.2,92.2,80.8
202407,202506,생보,교보라이프플래닛,,78.7,74.6
202407,202506,생보,ABL,84.9,90.1,77.6
202407,202506,생보,동양,55.7,89.7,81.2
202407,202506,생보,메트라이프,53.7,87.6,72.1
202407,202506,생보,처브라이프,,91.4,74.4
202407,202506,생보,라이나,18.9,81.8,69.9
202407,202506,생보,BNP카디프,,79.0,60.3
202407,202506,생보,AIA,30.5,81.7,63.9
202407,202506,생보,푸본현대,28.9,88.0,67.4
202407,202506,생보,생보사계,48.1,88.3,75.8
202407,202506,손보,메리츠,43.0,84.0,64.2
202407,202506,손보,한화,74.2,85.8,69.7
202407,202506,손보,롯데,23.6,81.8,67.4
202407,202506,손보,MG,66.7,84.0,66.8
202407,202506,손보,흥국,69.9,85.5,72.3
202407,202506,손보,삼성,71.4,88.9,69.1
202407,202506,손보,현대,54.7,86.7,73.4
202407,202506,손보,KB,66.9,88.2,69.9
202407,202506,손보,DB,65.5,88.1,73.9
202407,202506,손보,농협,91.3,84.3,71.4
202407,202506,손보,하나,29.6,82.0,73.6
202407,202506,손보,AIG,33.3,61.4,49.9
202407,202506,손보,악사,12.2,71.9,58.1
202407,202506,손보,ACE,,67.6,48.7
202407,202506,손보,신한EZ,,66.9,57.0
202407,202506,손보,손보사계,55.9,86.5,69.9
202407,202506,손보,합계,53.1,87.6,73.4
202501,202512,생보,한화,,89.7,75.1
202501,202512,생보,삼성,49.2,88.0,77.2
202501,202512,생보,흥국,29.6,84.9,72.8
202501,202512,생보,교보,49.4,90.2,75.0
202501,202512,생보,신한,36.9,88.1,75.6
202501,202512,생보,IM라이프,,91.8,81.4
202501,202512,생보,KDB,29.2,90.5,77.6
202501,202512,생보,미래에셋,,79.5,65.7
202501,202512,생보,KB라이프,33.3,86.5,75.7
202501,202512,생보,DB,43.5,91.1,77.8
202501,202512,생보,하나,,88.6,80.4
202501,202512,생보,IBK연금보험,,91.2,73.3
202501,202512,생보,농협,43.1,92.6,83.6
202501,202512,생보,교보라이프플래닛,,85.0,88.2
202501,202512,생보,ABL,80.1,90.0,77.7
202501,202512,생보,동양,57.0,89.9,78.6
202501,202512,생보,메트라이프,48.5,88.4,76.0
202501,202512,생보,처브라이프,,91.7,80.1
202501,202512,생보,라이나,23.7,81.8,70.4
202501,202512,생보,BNP카디프,,68.5,69.4
202501,202512,생보,AIA,30.7,81.3,66.3
202501,202512,생보,푸본현대,27.0,87.4,77.7
202501,202512,생보,생보사계,46.7,88.5,76.0
202501,202512,손보,메리츠,40.4,84.4,64.5
202501,202512,손보,한화,74.1,85.1,71.1
202501,202512,손보,롯데,23.5,80.0,64.9
202501,202512,손보,예별(舊MG),20.0,79.4,62.5
202501,202512,손보,흥국,68.2,86.0,71.1
202501,202512,손보,삼성,75.1,89.5,72.4
202501,202512,손보,현대,54.1,86.8,73.4
202501,202512,손보,KB,66.7,88.5,71.9
202501,202512,손보,DB,64.4,88.8,73.6
202501,202512,손보,농협,46.0,85.6,71.6
202501,202512,손보,하나,26.6,79.6,69.7
202501,202512,손보,AIG,43.8,60.8,46.0
202501,202512,손보,악사,15.4,70.9,56.4
202501,202512,손보,ACE,,64.6,50.1
202501,202512,손보,신한EZ,,79.7,49.7
202501,202512,손보,손보사계,54.0,86.8,70.8
202501,202512,손보,합계,51.4,87.8,73.8
