sector,company,year,settle,p13,p25,ms,ms_halves,claims,deny_rate,post_claim_cxl_rate,lapse13,lapse25
life,ABL,2021,60.0,81.8,68.3,,,,,,18.200000000000003,31.700000000000003
life,ABL,2022,64.2,81.6,65.5,,,,,,18.400000000000006,34.5
life,ABL,2023,74.6,85.8,58.1,,,,,,14.200000000000003,41.9
life,ABL,2024,81.5,89.6,69.0,,,,,,10.400000000000006,31.0
life,ABL,2025,80.1,90.0,77.7,,,,,,10.0,22.299999999999997
life,AIA,2021,30.5,79.7,63.9,,,,,,20.299999999999997,36.1
life,AIA,2022,30.5,79.2,65.4,,,,,,20.799999999999997,34.599999999999994
life,AIA,2023,19.6,80.3,64.5,,,,,,19.700000000000003,35.5
life,AIA,2024,34.7,81.9,64.9,,,,,,18.099999999999994,35.099999999999994
life,AIA,2025,30.7,81.3,66.3,,,,,,18.700000000000003,33.7
life,BNP카디프생명,2021,,68.6,31.5,,,,,,31.400000000000006,68.5
life,BNP카디프생명,2022,,84.0,50.6,,,,,,16.0,49.4
life,BNP카디프생명,2023,,77.1,59.3,,,,,,22.900000000000006,40.7
life,BNP카디프생명,2024,,84.5,49.1,,,,,,15.5,50.9
life,BNP카디프생명,2025,,68.5,69.4,,,,,,31.5,30.599999999999994
life,DB,2021,34.9,82.8,62.0,,,,,,17.200000000000003,38.0
life,DB,2022,40.4,85.4,63.0,,,,,,14.599999999999994,37.0
life,DB,2023,35.3,87.5,69.2,,,,,,12.5,30.799999999999997
life,DB,2024,45.2,90.3,72.0,,,,,,9.700000000000003,28.0
life,DB,2025,43.5,91.1,77.8,,,,,,8.900000000000006,22.200000000000003
life,IBK연금,2021,,87.1,77.0,,,,,,12.900000000000006,23.0
life,IBK연금,2022,,86.4,76.0,,,,,,13.599999999999994,24.0
life,IBK연금,2023,,76.1,67.8,,,,,,23.900000000000006,32.2
life,IBK연금,2024,,87.8,65.0,,,,,,12.200000000000003,35.0
life,IBK연금,2025,,91.2,73.3,,,,,,8.799999999999997,26.700000000000003
life,KB라이프,2021,20.8,80.4,63.1,,,,,,19.599999999999994,36.9
life,KB라이프,2022,,89.6,69.1,,,,,,10.400000000000006,30.900000000000006
life,KB라이프,2023,,78.1,55.3,,,,,,21.900000000000006,44.7
life,KB라이프,2024,,89.9,61.2,,,,,,10.099999999999994,38.8
life,KB라이프,2025,33.3,86.5,75.7,,,,,,13.5,24.299999999999997
life,KDB,2021,29.5,81.1,67.5,,,,,,18.900000000000006,32.5
life,KDB,2022,24.4,83.9,66.8,,,,,,16.099999999999994,33.2
life,KDB,2023,31.4,87.4,69.6,,,,,,12.599999999999994,30.400000000000006
life,KDB,2024,21.4,89.3,74.3,,,,,,10.700000000000003,25.700000000000003
life,KDB,2025,29.2,90.5,77.6,,,,,,9.5,22.400000000000006
life,iM라이프,2021,7.1,80.5,65.8,,,,,,19.5,34.2
life,iM라이프,2022,,86.2,67.7,,,,,,13.799999999999997,32.3
life,iM라이프,2023,,88.2,77.5,,,,,,11.799999999999997,22.5
life,iM라이프,2024,,91.6,67.4,,,,,,8.400000000000006,32.599999999999994
life,iM라이프,2025,,91.8,81.4,,,,,,8.200000000000003,18.599999999999994
life,교보,2021,41.2,82.3,65.2,,,,,,17.700000000000003,34.8
life,교보,2022,39.3,81.7,66.4,,,,,,18.299999999999997,33.599999999999994
life,교보,2023,40.8,76.4,46.8,,,,,,23.599999999999994,53.2
life,교보,2024,47.3,88.2,64.7,,,,,,11.799999999999997,35.3
life,교보,2025,49.4,90.2,75.0,,,,,,9.799999999999997,25.0
life,교보라이프플래닛,2021,,88.2,80.1,,,,,,11.799999999999997,19.900000000000006
life,교보라이프플래닛,2022,,88.1,82.2,,,,,,11.900000000000006,17.799999999999997
life,교보라이프플래닛,2023,,65.0,28.4,,,,,,35.0,71.6
life,교보라이프플래닛,2024,,91.9,57.1,,,,,,8.099999999999994,42.9
life,교보라이프플래닛,2025,,85.0,88.2,,,,,,15.0,11.799999999999997
life,농협,2021,26.6,83.2,69.0,,,,,,16.799999999999997,31.0
life,농협,2022,18.8,83.0,71.9,,,,,,17.0,28.099999999999994
life,농협,2023,21.2,82.9,69.1,,,,,,17.099999999999994,30.900000000000006
life,농협,2024,37.2,88.8,74.6,,,,,,11.200000000000003,25.400000000000006
life,농협,2025,43.1,92.6,83.6,,,,,,7.400000000000006,16.400000000000006
life,동양,2021,29.4,84.2,61.7,,,,,,15.799999999999997,38.3
life,동양,2022,27.9,83.7,64.8,,,,,,16.299999999999997,35.2
life,동양,2023,32.0,87.8,59.2,,,,,,12.200000000000003,40.8
life,동양,2024,62.4,88.8,78.3,,,,,,11.200000000000003,21.700000000000003
life,동양,2025,57.0,89.9,78.6,,,,,,10.099999999999994,21.400000000000006
life,라이나,2021,38.4,85.5,77.0,,,,,,14.5,23.0
life,라이나,2022,31.1,85.6,77.7,,,,,,14.400000000000006,22.299999999999997
life,라이나,2023,3.2,83.9,74.3,,,,,,16.099999999999994,25.700000000000003
life,라이나,2024,17.0,82.3,70.8,,,,,,17.700000000000003,29.200000000000003
life,라이나,2025,23.7,81.8,70.4,,,,,,18.200000000000003,29.599999999999994
life,메트라이프,2021,25.1,80.5,62.7,,,,,,19.5,37.3
life,메트라이프,2022,24.5,84.8,65.7,,,,,,15.200000000000003,34.3
life,메트라이프,2023,21.8,85.9,68.8,,,,,,14.099999999999994,31.200000000000003
life,메트라이프,2024,32.2,88.1,68.6,,,,,,11.900000000000006,31.400000000000006
life,메트라이프,2025,48.5,88.4,76.0,,,,,,11.599999999999994,24.0
life,미래에셋,2021,52.3,79.8,61.2,,,,,,20.200000000000003,38.8
life,미래에셋,2022,,83.5,66.1,,,,,,16.5,33.900000000000006
life,미래에셋,2023,,82.4,68.1,,,,,,17.599999999999994,31.900000000000006
life,미래에셋,2024,,80.8,63.1,,,,,,19.200000000000003,36.9
life,미래에셋,2025,,79.5,65.7,,,,,,20.5,34.3
life,삼성,2021,49.8,88.3,68.8,,,,,,11.700000000000003,31.200000000000003
life,삼성,2022,47.2,90.2,75.2,,,,,,9.799999999999997,24.799999999999997
life,삼성,2023,43.1,85.4,65.5,,,,,,14.599999999999994,34.5
life,삼성,2024,48.4,89.7,68.9,,,,,,10.299999999999997,31.099999999999994
life,삼성,2025,49.2,88.0,77.2,,,,,,12.0,22.799999999999997
life,신한,2021,30.9,81.4,62.5,,,,,,18.599999999999994,37.5
life,신한,2022,34.7,82.0,64.6,,,,,,18.0,35.400000000000006
life,신한,2023,31.7,84.1,63.0,,,,,,15.900000000000006,37.0
life,신한,2024,44.8,87.0,69.4,,,,,,13.0,30.599999999999994
life,신한,2025,36.9,88.1,75.6,,,,,,11.900000000000006,24.400000000000006
life,처브라이프,2021,31.9,64.9,34.5,,,,,,35.099999999999994,65.5
life,처브라이프,2022,18.1,68.9,45.2,,,,,,31.099999999999994,54.8
life,처브라이프,2023,,81.9,62.0,,,,,,18.099999999999994,38.0
life,처브라이프,2024,,89.4,68.8,,,,,,10.599999999999994,31.200000000000003
life,처브라이프,2025,,91.7,80.1,,,,,,8.299999999999997,19.900000000000006
life,푸르덴셜,2021,46.3,84.0,72.4,,,,,,16.0,27.599999999999994
life,푸본현대,2021,32.8,81.5,68.7,,,,,,18.5,31.299999999999997
life,푸본현대,2022,21.0,85.8,68.5,,,,,,14.200000000000003,31.5
life,푸본현대,2023,28.6,78.1,64.6,,,,,,21.900000000000006,35.400000000000006
life,푸본현대,2024,28.2,87.6,60.3,,,,,,12.400000000000006,39.7
life,푸본현대,2025,27.0,87.4,77.7,,,,,,12.599999999999994,22.299999999999997
life,하나,2021,11.8,91.2,72.8,,,,,,8.799999999999997,27.200000000000003
life,하나,2022,5.0,79.4,75.1,,,,,,20.599999999999994,24.900000000000006
life,하나,2023,48.3,82.4,62.7,,,,,,17.599999999999994,37.3
life,하나,2024,10.8,90.3,65.0,,,,,,9.700000000000003,35.0
life,하나,2025,,88.6,80.4,,,,,,11.400000000000006,19.599999999999994
life,한화,2021,45.5,84.8,64.6,,,,,,15.200000000000003,35.400000000000006
life,한화,2022,,84.2,68.6,,,,,,15.799999999999997,31.400000000000006
life,한화,2023,,87.6,59.2,,,,,,12.400000000000006,40.8
life,한화,2024,,88.0,72.8,,,,,,12.0,27.200000000000003
life,한화,2025,,89.7,75.1,,,,,,10.299999999999997,24.900000000000006
life,흥국,2021,38.5,85.8,69.8,,,,,,14.200000000000003,30.200000000000003
life,흥국,2022,21.8,84.3,71.8,,,,,,15.700000000000003,28.200000000000003
life,흥국,2023,22.4,76.2,45.5,,,,,,23.799999999999997,54.5
life,흥국,2024,12.3,85.2,60.8,,,,,,14.799999999999997,39.2
life,흥국,2025,29.6,84.9,72.8,,,,,,15.099999999999994,27.200000000000003
nonlife,AIG,2020,,,,0.17,2.0,80046.0,2.2349648951852683,0.07114843994030472,,
nonlife,AIG,2021,45.6,70.1,57.5,0.15000000000000002,2.0,79632.0,3.3529234478601566,0.08017848427804504,29.900000000000006,42.5
nonlife,AIG,2022,25.2,73.4,56.9,0.125,2.0,79853.0,2.9904950346261256,0.04285902677040749,26.599999999999994,43.1
nonlife,AIG,2023,28.9,69.7,57.5,0.11,2.0,77239.0,1.8177345641450562,0.04769285799451532,30.299999999999997,42.5
nonlife,AIG,2024,12.4,62.9,53.9,0.1,2.0,56284.0,2.025442399260891,0.0,37.1,46.1
nonlife,AIG,2025,43.8,60.8,46.0,0.08,2.0,45729.0,1.6357235014979554,0.04223329673114283,39.2,54.0
nonlife,AIG,2026,,,,0.1,1.0,28676.0,1.3774585018831078,0.03661494805254245,,
nonlife,AXA,2020,,,,0.015,2.0,23477.0,1.5760105635302637,0.308238858993783,,
nonlife,AXA,2021,0.0,76.5,66.2,0.025,2.0,29579.0,1.7377193279015517,0.19245731133041236,23.5,33.8
nonlife,AXA,2022,27.1,69.6,66.6,0.015,2.0,33043.0,1.7038404503223072,0.15375263703650732,30.400000000000006,33.400000000000006
nonlife,AXA,2023,10.7,75.6,57.5,0.02,2.0,36576.0,1.604877515310586,0.19114264424790228,24.400000000000006,42.5
nonlife,AXA,2024,7.7,72.1,60.7,0.02,2.0,40305.0,1.6474382830914278,0.14993402902722802,27.900000000000006,39.3
nonlife,AXA,2025,15.4,70.9,56.4,0.015,2.0,43292.0,1.7000831562413379,0.11920642579399994,29.099999999999994,43.6
nonlife,AXA,2026,,,,0.01,1.0,20076.0,1.4295676429567643,0.09168704156479218,,
nonlife,DB손보,2020,,,,0.035,2.0,1055955.0,1.4851958653541106,0.17252277273237215,,
nonlife,DB손보,2021,70.4,88.7,74.2,0.03,2.0,1357218.0,1.5557559655118043,0.15385589049825302,11.299999999999997,25.799999999999997
nonlife,DB손보,2022,64.4,90.1,76.2,0.02,2.0,1622444.0,1.5656626669395062,0.15088180729399056,9.900000000000006,23.799999999999997
nonlife,DB손보,2023,62.7,88.9,75.8,0.02,2.0,1885259.0,1.611820975261224,0.18621404391191054,11.099999999999994,24.200000000000003
nonlife,DB손보,2024,65.4,88.5,74.1,0.01,2.0,1847456.0,1.4184911575701937,0.23273511595444446,11.5,25.900000000000006
nonlife,DB손보,2025,64.4,88.8,73.6,0.01,2.0,2094304.0,1.3444084526410685,0.20169885806807297,11.200000000000003,26.400000000000006
nonlife,DB손보,2026,,,,0.01,1.0,1008701.0,1.2111616822031503,0.19204954745418057,,
nonlife,KB손보,2020,,,,0.025,2.0,789159.0,1.0495983699102462,0.17203425886531382,,
nonlife,KB손보,2021,57.2,86.5,68.7,0.02,2.0,952056.0,1.6338324636365928,0.19249569795240076,13.5,31.299999999999997
nonlife,KB손보,2022,60.8,89.4,71.8,0.01,2.0,1087954.0,1.6188184426915109,0.14609150812280391,10.599999999999994,28.200000000000003
nonlife,KB손보,2023,55.6,87.6,74.6,0.01,2.0,1314126.0,1.4957469831659977,0.13921236235959294,12.400000000000006,25.400000000000006
nonlife,KB손보,2024,54.9,88.1,70.2,0.01,2.0,1245205.0,1.4932480997104893,0.22245355739797498,11.900000000000006,29.799999999999997
nonlife,KB손보,2025,66.7,88.5,71.9,0.01,2.0,1596248.0,1.377856072489989,0.1906707052537951,11.5,28.099999999999994
nonlife,KB손보,2026,,,,0.01,1.0,856258.0,1.2349081702010376,0.1515981208750036,,
nonlife,농협손보,2020,,,,0.03,2.0,113477.0,0.7966372040149106,0.3175715119673088,,
nonlife,농협손보,2021,50.0,91.3,75.0,0.01,2.0,120503.0,0.5891969494535406,0.35978996045551787,8.700000000000003,25.0
nonlife,농협손보,2022,42.5,85.9,85.5,0.01,2.0,123187.0,0.4789466420969745,0.400957388049015,14.099999999999994,14.5
nonlife,농협손보,2023,42.3,81.0,74.7,0.01,2.0,135316.0,1.0796949362972597,0.5802269961223855,19.0,25.299999999999997
nonlife,농협손보,2024,50.7,82.8,71.6,0.01,2.0,117199.0,1.6689562197629673,0.7852574251155722,17.200000000000003,28.400000000000006
nonlife,농협손보,2025,46.0,85.6,71.6,0.01,2.0,116608.0,1.6053787047200878,1.1456167706167706,14.400000000000006,28.400000000000006
nonlife,농협손보,2026,,,,0.01,1.0,56600.0,1.047703180212014,0.4111079763008343,,
nonlife,롯데,2020,,,,0.055,2.0,157795.0,1.3346430495262842,0.16775601125707004,,
nonlife,롯데,2021,60.6,89.3,79.1,0.07,2.0,195531.0,1.611509172458587,0.13519436046382066,10.700000000000003,20.900000000000006
nonlife,롯데,2022,53.7,89.4,83.3,0.035,2.0,238485.0,1.6089062205170137,0.13253116023325484,10.599999999999994,16.700000000000003
nonlife,롯데,2023,48.8,88.4,76.6,0.02,2.0,292157.0,1.4317644280301345,0.11237012104613969,11.599999999999994,23.400000000000006
nonlife,롯데,2024,36.7,85.7,70.1,0.02,2.0,302278.0,1.5575066660491337,0.12172159042920523,14.299999999999997,29.900000000000006
nonlife,롯데,2025,23.5,80.0,64.9,0.02,2.0,283553.0,1.3620028707155276,0.10022760017539831,20.0,35.099999999999994
nonlife,롯데,2026,,,,0.02,1.0,131212.0,1.1866292717129532,0.08278917910447761,,
nonlife,메리츠,2020,,,,0.035,2.0,1419599.0,1.5328272279707156,0.14765890180989377,,
nonlife,메리츠,2021,45.3,83.6,69.4,0.025,2.0,1455630.0,1.620672835816794,0.12096455738468628,16.400000000000006,30.599999999999994
nonlife,메리츠,2022,45.8,84.6,69.2,0.01,2.0,1263618.0,1.5829150898451905,0.07091283403910742,15.400000000000006,30.799999999999997
nonlife,메리츠,2023,45.1,84.7,66.5,0.01,2.0,1238376.0,1.5202168000671847,0.12035367799322884,15.299999999999997,33.5
nonlife,메리츠,2024,48.0,84.4,64.6,,,1045025.0,1.5491495418769885,0.1834235985742721,15.599999999999994,35.400000000000006
nonlife,메리츠,2025,40.4,84.4,64.5,0.01,2.0,1151132.0,1.3967989770069809,0.20385965244976992,15.599999999999994,35.5
nonlife,메리츠,2026,,,,0.01,1.0,587508.0,1.3468752765919783,0.20548717921168133,,
nonlife,삼성화재,2020,,,,0.025,2.0,1182241.0,1.5822493044988288,0.15158780277832667,,
nonlife,삼성화재,2021,66.3,86.8,61.1,0.02,2.0,1474270.0,1.6602793246827243,0.15032621811959285,13.200000000000003,38.9
nonlife,삼성화재,2022,44.3,87.6,69.7,0.02,2.0,1550960.0,1.5779904059421261,0.1618124733432671,12.400000000000006,30.299999999999997
nonlife,삼성화재,2023,47.8,86.3,68.5,0.02,2.0,1810869.0,1.460624705597147,0.18180892537903784,13.700000000000003,31.5
nonlife,삼성화재,2024,65.9,88.2,67.2,0.01,2.0,1835860.0,1.39580360158182,0.22757846199023019,11.799999999999997,32.8
nonlife,삼성화재,2025,75.1,89.5,72.4,0.01,2.0,2440415.0,1.3285855069731993,0.15850471378016567,10.5,27.599999999999994
nonlife,삼성화재,2026,,,,0.01,1.0,1241882.0,1.187713486466508,0.1466355886762308,,
nonlife,신한EZ,2020,,,,0.09,2.0,468.0,1.2820512820512822,0.4807692307692308,,
nonlife,신한EZ,2021,,,,,0.0,319.0,2.19435736677116,0.34965034965034963,,
nonlife,신한EZ,2022,0.0,0.0,64.2,,,149.0,1.342281879194631,0.0,100.0,35.8
nonlife,신한EZ,2023,,,,0.06,2.0,33.0,0.0,0.0,,
nonlife,신한EZ,2024,,68.1,,0.05,2.0,268.0,1.492537313432836,1.675977653631285,31.900000000000006,
nonlife,신한EZ,2025,,79.7,49.7,0.0,2.0,3683.0,2.9323920716806953,1.2440758293838863,20.299999999999997,50.3
nonlife,신한EZ,2026,,,,0.0,1.0,6638.0,1.5667369689665562,0.5179558011049724,,
nonlife,에이스(라이나손보),2020,,,,0.325,2.0,125902.0,1.6989404457435149,0.1397837517588684,,
nonlife,에이스(라이나손보),2021,,64.4,55.3,0.245,2.0,120027.0,1.1272463695668475,0.12547172542925808,35.599999999999994,44.7
nonlife,에이스(라이나손보),2022,0.0,63.3,50.2,0.23500000000000001,2.0,92060.0,1.1101455572452748,0.12209860084970658,36.7,49.8
nonlife,에이스(라이나손보),2023,,65.4,47.3,0.08,2.0,61396.0,1.5766499446217994,0.19623600650382192,34.599999999999994,52.7
nonlife,에이스(라이나손보),2024,,68.0,47.3,0.055,2.0,53312.0,2.2058823529411766,0.2154390904630874,32.0,52.7
nonlife,에이스(라이나손보),2025,,64.6,50.1,0.07,2.0,61986.0,2.002064982415384,0.23713938941275325,35.400000000000006,49.9
nonlife,에이스(라이나손보),2026,,,,0.05,1.0,30704.0,1.4525794684731632,0.20337682271680738,,
nonlife,예별(MG),2020,,,,0.02,2.0,51399.0,1.31909181112473,0.3395355154149124,,
nonlife,예별(MG),2021,70.0,87.2,73.3,0.025,2.0,58198.0,1.2285645554830062,0.2002002002002002,12.799999999999997,26.700000000000003
nonlife,예별(MG),2022,57.7,86.7,76.0,0.01,2.0,62269.0,0.9073535788273459,0.30009843228578975,13.299999999999997,24.0
nonlife,예별(MG),2023,75.0,84.3,71.5,0.01,2.0,74806.0,0.7285511857337647,0.14668805867522347,15.700000000000003,28.5
nonlife,예별(MG),2024,71.4,86.5,70.2,0.0,2.0,80459.0,0.8476366845225518,0.12088853070064978,13.5,29.799999999999997
nonlife,예별(MG),2025,20.0,79.4,62.5,0.005,2.0,90490.0,0.5978561166979777,0.11259449895447965,20.599999999999994,37.5
nonlife,예별(MG),2026,,,,0.0,1.0,31328.0,0.65755873340143,0.06728569506122999,,
nonlife,카디프손보,2021,,73.8,57.4,,,,,,26.200000000000003,42.6
nonlife,카카오페이,2024,,,,0.0,2.0,3105.0,2.7053140096618358,0.039619651347068144,,
nonlife,카카오페이,2025,,,,0.005,2.0,37045.0,1.7519233364826563,0.08510081173081958,,
nonlife,카카오페이,2026,,,,0.03,1.0,24218.0,2.064580064414898,0.06016243858417728,,
nonlife,하나손보,2020,,,,0.03,2.0,5226.0,1.7030233448143897,0.5576208178438662,,
nonlife,하나손보,2021,47.0,88.0,78.2,0.02,2.0,5863.0,2.8995394849053384,1.0067848544539286,12.0,21.799999999999997
nonlife,하나손보,2022,28.1,87.2,79.4,0.025,2.0,16843.0,2.558926557026658,1.6575403285481722,12.799999999999997,20.599999999999994
nonlife,하나손보,2023,37.8,87.6,75.2,0.01,2.0,34107.0,2.154982848095699,1.191967641479042,12.400000000000006,24.799999999999997
nonlife,하나손보,2024,47.2,83.3,76.7,0.025,2.0,51455.0,1.8734816830240015,1.1420395421436005,16.700000000000003,23.299999999999997
nonlife,하나손보,2025,26.6,79.6,69.7,0.015,2.0,58200.0,1.879725085910653,1.0804813930492245,20.400000000000006,30.299999999999997
nonlife,하나손보,2026,,,,0.01,1.0,30181.0,1.7593850435704583,0.8183306055646481,,
nonlife,한화손보,2020,,,,0.06,2.0,485032.0,1.5143330749311386,0.15377799465790015,,
nonlife,한화손보,2021,55.7,81.1,66.4,0.035,2.0,397548.0,1.5331481984565385,0.17962876721442353,18.900000000000006,33.599999999999994
nonlife,한화손보,2022,63.6,84.3,63.6,0.03,2.0,362330.0,1.3308310104048795,0.17584256019572042,15.700000000000003,36.4
nonlife,한화손보,2023,66.2,84.9,66.4,0.025,2.0,482615.0,0.7668638562829585,0.10218128663270085,15.099999999999994,33.599999999999994
nonlife,한화손보,2024,74.9,86.4,67.5,0.03,2.0,564964.0,0.9474939996176748,0.11349807751251058,13.599999999999994,32.5
nonlife,한화손보,2025,74.1,85.1,71.1,0.02,2.0,765849.0,0.9736906361436785,0.13857564038207285,14.900000000000006,28.900000000000006
nonlife,한화손보,2026,,,,0.01,1.0,412202.0,1.042692660394661,0.1725637021790049,,
nonlife,현대해상,2020,,,,0.035,2.0,1386058.0,1.9594418126802775,0.1576959014586871,,
nonlife,현대해상,2021,66.6,87.4,73.0,0.03,2.0,1794348.0,1.7858854581162629,0.16754144678250754,12.599999999999994,27.0
nonlife,현대해상,2022,57.6,88.8,74.9,0.02,2.0,2136072.0,1.5043500406353343,0.17022292340341416,11.200000000000003,25.099999999999994
nonlife,현대해상,2023,58.0,87.0,75.6,0.02,2.0,2567540.0,1.4244763470091995,0.20229549653419732,13.0,24.400000000000006
nonlife,현대해상,2024,57.0,87.1,73.3,0.015,2.0,2300898.0,1.5925955865927128,0.17742261304401274,12.900000000000006,26.700000000000003
nonlife,현대해상,2025,54.1,86.8,73.4,0.01,2.0,2412342.0,1.3303254679477454,0.17398899763005254,13.200000000000003,26.599999999999994
nonlife,현대해상,2026,,,,0.01,1.0,1098701.0,1.1356137839139129,0.14724918841181678,,
nonlife,흥국화재,2020,,,,0.065,2.0,106615.0,1.3844205787178165,0.15727960517395667,,
nonlife,흥국화재,2021,63.3,86.0,70.7,0.04,2.0,141454.0,1.5665870176877288,0.14984801130282144,14.0,29.299999999999997
nonlife,흥국화재,2022,55.7,88.6,74.5,0.025,2.0,199429.0,1.631658384688285,0.12283218375007517,11.400000000000006,25.5
nonlife,흥국화재,2023,60.6,88.0,76.6,0.02,2.0,297478.0,1.297574946718749,0.13138308200116497,12.0,23.400000000000006
nonlife,흥국화재,2024,75.0,86.6,73.5,0.01,2.0,376759.0,1.2177545858227674,0.10979681928801856,13.400000000000006,26.5
nonlife,흥국화재,2025,68.2,86.0,71.1,0.015,2.0,466306.0,1.1147186611366784,0.13676394731985253,14.0,28.900000000000006
nonlife,흥국화재,2026,,,,0.02,1.0,233796.0,1.1971975568444284,0.20314044141868892,,
